bucket,count,avg_engagement,min_engagement,max_engagement,mae
Q1_Very_Low,2401,0.030108917117867555,0.00188,0.0437,0.2113983623393245
Q2_Low,2399,0.055199016256773654,0.04372,0.06681,0.19005136354473412
Q3_Medium,2400,0.08144920416666666,0.06683,0.10018,0.1587500156222691
Q4_High,2401,0.14073193669304457,0.10019,0.20561,0.11617574584651467
Q5_Very_High,2399,1.0835998541058776,0.20565,32.21171,0.6927860939786219
